city,fetched_at,temp_c,humidity_pct,pressure_hpa,wind_speed_ms,wind_deg,clouds_pct
Chennai,2026-09-19T15:49:00.913087+00:00,30.43,82,1010,4.12,160,99
Vellore,2026-09-19T15:49:01.033076+00:00,29.58,75,1010,1.93,211,71
Coimbatore,2026-09-19T15:49:01.147218+00:00,26.78,74,1013,7.2,230,100
Madurai,2026-09-19T15:49:01.282736+00:00,25.99,89,1011,2.06,50,100
Tiruchirappalli,2026-09-19T15:49:01.407634+00:00,28.05,83,1011,2.06,270,100
Chennai,2026-09-19T16:50:46.308156+00:00,30.42,83,1010,4.12,190,99
Vellore,2026-09-19T16:50:46.430746+00:00,29.0,77,1010,1.99,243,73
Coimbatore,2026-09-19T16:50:46.554360+00:00,25.78,83,1013,6.17,230,100
Madurai,2026-09-19T16:50:46.670895+00:00,26.99,83,1011,1.54,320,100
Tiruchirappalli,2026-09-19T16:50:46.795576+00:00,28.05,89,1011,2.06,260,100
Chennai,2026-09-19T19:01:17.753283+00:00,28.24,78,1009,3.58,197,99
Vellore,2026-09-19T19:01:17.878502+00:00,26.66,84,1010,0.57,224,100
Coimbatore,2026-09-19T19:01:18.001867+00:00,25.78,83,1013,3.6,230,100
Madurai,2026-09-19T19:01:18.128763+00:00,26.99,83,1010,2.06,330,100
Tiruchirappalli,2026-09-19T19:01:18.251877+00:00,28.05,89,1010,1.03,0,100
Chennai,2026-09-19T21:49:04.150689+00:00,27.95,78,1007,7.72,240,100
Vellore,2026-09-19T21:49:04.275214+00:00,25.67,83,1008,1.17,279,100
Coimbatore,2026-09-19T21:49:04.393487+00:00,24.78,94,1010,2.57,220,100
Madurai,2026-09-19T21:49:04.522143+00:00,25.99,89,1009,2.06,60,100
Tiruchirappalli,2026-09-19T21:49:04.653737+00:00,27.05,94,1009,1.03,0,100
Chennai,2026-09-19T23:40:39.481686+00:00,27.36,79,1008,6.17,260,99
Vellore,2026-09-19T23:40:39.586047+00:00,25.51,83,1009,1.49,288,100
Coimbatore,2026-09-19T23:40:39.687564+00:00,24.78,94,1012,2.06,210,100
Madurai,2026-09-19T23:40:39.792177+00:00,25.99,89,1009,2.06,350,100
Tiruchirappalli,2026-09-19T23:40:39.899301+00:00,26.05,100,1009,0.51,0,100
Chennai,2026-09-20T01:45:01.421449+00:00,27.05,76,1009,6.17,260,100
Vellore,2026-09-20T01:45:01.524299+00:00,25.82,80,1011,2.26,250,100
Coimbatore,2026-09-20T01:45:01.638132+00:00,24.78,94,1013,2.06,220,99
Madurai,2026-09-20T01:45:01.724752+00:00,26.99,89,1011,1.54,0,99
Tiruchirappalli,2026-09-20T01:45:01.828733+00:00,27.05,94,1010,1.03,0,100
Chennai,2026-09-20T07:07:43.488114+00:00,34.08,64,1008,4.12,350,100
Vellore,2026-09-20T07:07:43.607779+00:00,31.82,57,1009,2.96,297,100
Coimbatore,2026-09-20T07:07:43.757504+00:00,31.78,55,1013,2.06,250,100
Madurai,2026-09-20T07:07:43.901266+00:00,33.99,55,1011,2.06,250,100
Tiruchirappalli,2026-09-20T07:07:44.029736+00:00,36.05,63,1010,5.14,300,100
Chennai,2026-09-20T12:39:21.101350+00:00,30.64,81,1007,5.66,200,100
Vellore,2026-09-20T12:39:21.193498+00:00,30.16,64,1008,0.48,303,100
Coimbatore,2026-09-20T12:39:21.280488+00:00,27.78,65,1010,6.69,230,100
Madurai,2026-09-20T12:39:21.370144+00:00,24.99,94,1009,4.12,130,100
Tiruchirappalli,2026-09-20T12:39:21.455220+00:00,30.05,74,1008,7.2,160,100
Chennai,2026-09-20T16:32:35.702753+00:00,30.15,81,1011,2.57,200,100
Vellore,2026-09-20T16:32:35.759557+00:00,26.94,86,1011,1.88,124,100
Coimbatore,2026-09-20T16:32:35.821254+00:00,25.78,89,1013,5.14,220,100
Madurai,2026-09-20T16:32:35.872296+00:00,25.99,89,1013,1.54,270,100
Tiruchirappalli,2026-09-20T16:32:35.924312+00:00,27.05,89,1012,2.06,240,100
Chennai,2026-09-20T19:06:18.721445+00:00,27.68,87,1010,2.57,200,100
Vellore,2026-09-20T19:06:18.775923+00:00,26.5,84,1010,1.64,156,100
Coimbatore,2026-09-20T19:06:18.830023+00:00,25.78,83,1013,5.66,230,100
Madurai,2026-09-20T19:06:18.877472+00:00,25.99,89,1012,2.06,320,100
Tiruchirappalli,2026-09-20T19:06:18.940458+00:00,27.05,89,1011,2.57,360,100
Chennai,2026-09-20T21:57:01.050957+00:00,26.41,89,1008,4.12,250,100
Vellore,2026-09-20T21:57:01.114550+00:00,24.81,90,1008,1.28,248,100
Coimbatore,2026-09-20T21:57:01.188911+00:00,24.78,88,1011,3.09,220,100
Madurai,2026-09-20T21:57:01.249373+00:00,25.99,89,1009,3.09,340,100
Tiruchirappalli,2026-09-20T21:57:01.313114+00:00,27.05,89,1009,5.14,270,100
Chennai,2026-09-20T23:42:26.694423+00:00,26.86,87,1008,5.14,270,100
Vellore,2026-09-20T23:42:26.844575+00:00,24.78,87,1009,2.5,256,100
Coimbatore,2026-09-20T23:42:26.967980+00:00,23.78,94,1012,4.63,230,100
Madurai,2026-09-20T23:42:27.092476+00:00,25.99,89,1009,3.6,340,100
Tiruchirappalli,2026-09-20T23:42:27.205074+00:00,26.05,83,1009,6.69,290,100
Chennai,2026-09-21T01:46:16.203516+00:00,27.78,85,1009,3.09,270,100
Vellore,2026-09-21T01:46:16.291392+00:00,26.25,82,1010,3.48,263,100
Coimbatore,2026-09-21T01:46:16.381629+00:00,23.78,94,1012,1.54,0,95
Madurai,2026-09-21T01:46:16.470247+00:00,26.99,83,1010,3.6,330,100
Tiruchirappalli,2026-09-21T01:46:16.563512+00:00,26.05,89,1009,5.66,280,100
Chennai,2026-09-21T07:17:05.238323+00:00,34.21,63,1007,2.57,30,100
Vellore,2026-09-21T07:17:05.338284+00:00,33.14,54,1007,4.04,322,100
Coimbatore,2026-09-21T07:17:05.431224+00:00,30.78,58,1012,7.2,230,97
Madurai,2026-09-21T07:17:05.522518+00:00,32.99,58,1009,2.06,150,100
Tiruchirappalli,2026-09-21T07:17:05.614196+00:00,34.05,62,1008,4.12,260,100
Chennai,2026-09-21T14:34:25.414283+00:00,25.58,93,1008,4.12,270,100
Vellore,2026-09-21T14:34:25.460738+00:00,25.25,91,1009,3.06,179,100
Coimbatore,2026-09-21T14:34:25.513695+00:00,25.78,83,1011,6.17,220,99
Madurai,2026-09-21T14:34:25.563704+00:00,31.99,51,1009,5.14,280,100
Tiruchirappalli,2026-09-21T14:34:25.615651+00:00,30.05,74,1009,2.57,150,100
Chennai,2026-09-21T19:46:24.278851+00:00,26.36,90,1007,3.6,280,100
Vellore,2026-09-21T19:46:24.422537+00:00,24.95,85,1008,5.26,256,100
Coimbatore,2026-09-21T19:46:24.568267+00:00,24.78,94,1011,4.12,230,100
Madurai,2026-09-21T19:46:24.716652+00:00,28.99,65,1009,2.57,320,100
Tiruchirappalli,2026-09-21T19:46:24.859095+00:00,25.05,94,1008,3.09,300,100
Chennai,2026-09-21T22:52:01.460109+00:00,26.43,87,1005,4.12,270,100
Vellore,2026-09-21T22:52:01.512039+00:00,24.66,89,1007,4.09,275,100
Coimbatore,2026-09-21T22:52:01.562035+00:00,23.78,94,1010,4.63,210,100
Madurai,2026-09-21T22:52:01.606156+00:00,25.99,73,1008,2.63,302,100
Tiruchirappalli,2026-09-21T22:52:01.660859+00:00,26.05,89,1007,2.57,220,100
Chennai,2026-09-22T01:17:26.017331+00:00,26.87,85,1007,3.09,230,100
Vellore,2026-09-22T01:17:26.165803+00:00,25.25,85,1008,4.06,272,100
Coimbatore,2026-09-22T01:17:26.268407+00:00,23.78,94,1011,4.12,220,95
Madurai,2026-09-22T01:17:26.391512+00:00,26.99,78,1009,1.54,170,100
Tiruchirappalli,2026-09-22T01:17:26.520443+00:00,27.05,89,1008,2.57,290,100
Chennai,2026-09-22T06:53:04.528326+00:00,33.16,66,1006,6.17,290,100
Vellore,2026-09-22T06:53:04.622389+00:00,32.48,47,1007,6.9,300,88
Coimbatore,2026-09-22T06:53:04.712076+00:00,31.78,55,1010,7.2,220,100
Madurai,2026-09-22T06:53:04.806311+00:00,34.99,49,1008,4.12,200,100
Tiruchirappalli,2026-09-22T06:53:04.895072+00:00,36.05,56,1007,5.14,270,100
Chennai,2026-09-22T12:08:17.458227+00:00,33.12,66,1004,3.09,290,100
Vellore,2026-09-22T12:08:17.591097+00:00,32.19,55,1005,3.2,303,98
Coimbatore,2026-09-22T12:08:17.726257+00:00,39.78,35,1008,7.72,230,100
Madurai,2026-09-22T12:08:17.854098+00:00,34.99,46,1005,6.17,270,100
Tiruchirappalli,2026-09-22T12:08:17.993754+00:00,36.05,56,1004,2.06,230,100
Chennai,2026-09-22T17:24:10.022695+00:00,30.84,72,1006,4.12,240,100
Vellore,2026-09-22T17:24:10.106098+00:00,28.07,65,1008,2.95,266,93
Coimbatore,2026-09-22T17:24:10.177100+00:00,24.78,88,1012,5.14,220,100
Madurai,2026-09-22T17:24:10.239095+00:00,30.99,55,1009,5.14,280,100
Tiruchirappalli,2026-09-22T17:24:10.298613+00:00,31.05,55,1008,5.14,270,100
Chennai,2026-09-22T20:31:01.991530+00:00,29.64,82,1004,5.14,240,81
Vellore,2026-09-22T20:31:02.072382+00:00,26.68,69,1006,6.01,255,100
Coimbatore,2026-09-22T20:31:02.145199+00:00,24.78,88,1011,6.17,220,98
Madurai,2026-09-22T20:31:02.225003+00:00,28.99,65,1007,1.54,280,99
Tiruchirappalli,2026-09-22T20:31:02.313034+00:00,29.05,65,1007,7.72,260,96
Chennai,2026-09-22T23:18:45.148844+00:00,29.29,76,1004,5.66,250,89
Vellore,2026-09-22T23:18:45.202510+00:00,26.12,70,1006,5.71,264,100
Coimbatore,2026-09-22T23:18:45.249037+00:00,22.54,92,1010,4.32,239,93
Madurai,2026-09-22T23:18:45.294996+00:00,27.99,65,1007,1.54,310,100
Tiruchirappalli,2026-09-22T23:18:45.340373+00:00,28.05,69,1006,5.14,270,98
Chennai,2026-09-23T01:53:00.480947+00:00,28.9,71,1006,6.17,270,100
Vellore,2026-09-23T01:53:00.584488+00:00,26.32,65,1008,6.61,272,100
Coimbatore,2026-09-23T01:53:00.674617+00:00,24.78,83,1011,5.66,220,100
Madurai,2026-09-23T01:53:00.763719+00:00,28.99,65,1009,1.03,200,100
Tiruchirappalli,2026-09-23T01:53:00.858447+00:00,28.05,74,1008,3.6,270,100
Chennai,2026-09-23T06:48:56.783643+00:00,32.01,66,1006,5.14,260,100
Vellore,2026-09-23T06:48:56.829040+00:00,29.66,63,1007,7.96,272,100
Coimbatore,2026-09-23T06:48:56.879432+00:00,31.78,43,1010,3.6,260,100
Madurai,2026-09-23T06:48:56.920741+00:00,34.99,46,1007,8.23,270,100
Tiruchirappalli,2026-09-23T06:48:56.963650+00:00,35.05,55,1007,7.72,280,100
Chennai,2026-09-23T12:21:03.211577+00:00,31.06,68,1003,4.12,250,100
Vellore,2026-09-23T12:21:03.307667+00:00,30.66,62,1004,5.9,288,100
Coimbatore,2026-09-23T12:21:03.407424+00:00,28.78,61,1008,8.23,220,98
Madurai,2026-09-23T12:21:03.500068+00:00,32.99,49,1005,6.17,270,100
Tiruchirappalli,2026-09-23T12:21:03.592068+00:00,34.05,55,1004,6.17,280,100
Chennai,2026-09-23T17:31:09.787443+00:00,30.42,70,1006,4.12,230,100
Vellore,2026-09-23T17:31:09.852280+00:00,26.66,76,1007,3.77,273,100
Coimbatore,2026-09-23T17:31:09.938780+00:00,24.78,83,1011,7.2,220,100
Madurai,2026-09-23T17:31:09.996877+00:00,31.01,55,1009,7.2,290,96
Tiruchirappalli,2026-09-23T17:31:10.078073+00:00,30.05,62,1008,7.72,270,100
Chennai,2026-09-23T20:43:45.454173+00:00,29.92,70,1003,5.66,240,100
Vellore,2026-09-23T20:43:45.539038+00:00,26.45,65,1005,6.57,258,100
Coimbatore,2026-09-23T20:43:45.624357+00:00,24.78,78,1009,3.6,230,100
Madurai,2026-09-23T20:43:45.714807+00:00,28.99,58,1007,5.14,280,100
Tiruchirappalli,2026-09-23T20:43:45.798184+00:00,29.05,65,1006,8.75,280,100
Chennai,2026-09-23T23:14:56.162854+00:00,29.17,64,1003,4.63,250,100
Vellore,2026-09-23T23:14:56.281221+00:00,26.07,63,1005,8.0,264,100
Coimbatore,2026-09-23T23:14:56.415032+00:00,23.78,83,1009,3.6,230,100
Madurai,2026-09-23T23:14:56.536351+00:00,28.99,61,1006,3.09,300,99
Tiruchirappalli,2026-09-23T23:14:56.660117+00:00,28.05,69,1006,5.14,270,100
Chennai,2026-09-24T01:42:06.125792+00:00,28.55,64,1006,5.14,250,100
Vellore,2026-09-24T01:42:06.185325+00:00,26.21,65,1007,6.8,265,99
Coimbatore,2026-09-24T01:42:06.241333+00:00,24.78,83,1010,3.09,180,100
Madurai,2026-09-24T01:42:06.308588+00:00,28.99,58,1008,7.2,270,99
Tiruchirappalli,2026-09-24T01:42:06.357263+00:00,27.05,74,1008,4.12,260,100
Chennai,2026-09-24T06:49:06.435814+00:00,32.82,58,1004,5.14,250,100
Vellore,2026-09-24T06:49:06.501978+00:00,33.6,47,1005,8.47,267,65
Coimbatore,2026-09-24T06:49:06.560218+00:00,31.78,43,1010,8.23,260,100
Madurai,2026-09-24T06:49:06.621261+00:00,34.99,38,1007,4.12,240,60
Tiruchirappalli,2026-09-24T06:49:06.699101+00:00,35.05,41,1006,7.72,270,100
Chennai,2026-09-24T12:21:14.174035+00:00,34.01,49,1002,6.17,220,100
Vellore,2026-09-24T12:21:14.340620+00:00,31.64,52,1004,4.31,302,100
Coimbatore,2026-09-24T12:21:14.499996+00:00,27.78,61,1008,5.14,220,100
Madurai,2026-09-24T12:21:14.659828+00:00,32.99,40,1006,7.72,270,91
Tiruchirappalli,2026-09-24T12:21:14.819758+00:00,34.05,49,1004,6.17,270,97
Chennai,2026-09-24T17:36:06.818265+00:00,31.46,59,1005,4.12,220,100
Vellore,2026-09-24T17:36:06.971365+00:00,28.51,60,1007,7.39,263,100
Coimbatore,2026-09-24T17:36:07.065437+00:00,24.78,83,1011,3.09,200,100
Madurai,2026-09-24T17:36:07.155641+00:00,28.99,51,1009,3.6,280,100
Tiruchirappalli,2026-09-24T17:36:07.249914+00:00,30.05,54,1008,5.14,270,100
Chennai,2026-09-24T20:49:33.148833+00:00,30.22,65,1004,5.14,250,100
Vellore,2026-09-24T20:49:33.215735+00:00,27.69,67,1005,7.82,266,100
Coimbatore,2026-09-24T20:49:33.283344+00:00,25.78,73,1010,7.2,220,100
Madurai,2026-09-24T20:49:33.358217+00:00,28.99,51,1007,2.06,230,100
Tiruchirappalli,2026-09-24T20:49:33.426472+00:00,29.05,61,1006,5.14,270,100
Chennai,2026-09-24T23:35:27.987192+00:00,29.37,69,1005,4.12,250,100
Vellore,2026-09-24T23:35:28.113415+00:00,26.88,69,1006,7.55,261,100
Coimbatore,2026-09-24T23:35:28.221947+00:00,24.78,83,1010,6.17,220,100
Madurai,2026-09-24T23:35:28.342892+00:00,26.99,61,1008,1.03,0,100
Tiruchirappalli,2026-09-24T23:35:28.474546+00:00,28.05,65,1007,3.6,280,99
Chennai,2026-09-25T01:59:23.021156+00:00,29.81,69,1007,3.6,240,100
Vellore,2026-09-25T01:59:23.116193+00:00,27.64,69,1008,7.73,261,100
Coimbatore,2026-09-25T01:59:23.209273+00:00,24.78,83,1012,4.63,210,100
Madurai,2026-09-25T01:59:23.299982+00:00,29.99,54,1009,5.14,290,100
Tiruchirappalli,2026-09-25T01:59:23.395741+00:00,27.05,74,1009,1.54,190,100
Chennai,2026-09-25T07:05:06.458168+00:00,34.96,57,1005,6.69,250,100
Vellore,2026-09-25T07:05:06.558234+00:00,32.88,49,1006,7.34,263,100
Coimbatore,2026-09-25T07:05:06.649328+00:00,28.78,65,1011,7.72,220,100
Madurai,2026-09-25T07:05:06.740854+00:00,33.99,40,1009,2.06,240,100
Tiruchirappalli,2026-09-25T07:05:06.832422+00:00,34.05,49,1008,6.17,250,100
Chennai,2026-09-25T13:02:41.633883+00:00,33.14,62,1005,1.79,185,100
Vellore,2026-09-25T13:02:41.681590+00:00,30.74,60,1007,6.63,268,100
Coimbatore,2026-09-25T13:02:41.727730+00:00,26.78,69,1011,5.14,230,100
Madurai,2026-09-25T13:02:41.778668+00:00,31.99,37,1007,7.72,270,100
Tiruchirappalli,2026-09-25T13:02:41.822433+00:00,34.05,52,1006,6.69,270,98
Chennai,2026-09-25T18:07:37.953313+00:00,30.28,68,1007,2.06,240,100
Vellore,2026-09-25T18:07:38.089198+00:00,28.48,66,1009,5.78,264,100
Coimbatore,2026-09-25T18:07:38.219873+00:00,24.78,88,1012,5.14,220,100
Madurai,2026-09-25T18:07:38.343101+00:00,29.0,51,1010,5.14,280,100
Tiruchirappalli,2026-09-25T18:07:38.470337+00:00,29.05,58,1009,4.12,270,100
Chennai,2026-09-25T21:54:18.641049+00:00,29.66,67,1006,4.63,250,100
Vellore,2026-09-25T21:54:18.773446+00:00,27.08,68,1007,7.5,270,100
Coimbatore,2026-09-25T21:54:18.905931+00:00,23.78,88,1011,3.09,220,100
Madurai,2026-09-25T21:54:19.039926+00:00,27.99,57,1009,2.57,300,98
Tiruchirappalli,2026-09-25T21:54:19.166937+00:00,28.05,69,1008,4.63,270,100
Chennai,2026-09-26T00:12:59.034290+00:00,29.22,69,1007,6.17,260,100
Vellore,2026-09-26T00:12:59.126448+00:00,26.77,70,1009,6.85,272,100
Coimbatore,2026-09-26T00:12:59.219337+00:00,23.78,88,1012,3.09,220,100
Madurai,2026-09-26T00:12:59.311841+00:00,26.99,61,1009,1.03,150,99
Tiruchirappalli,2026-09-26T00:12:59.405957+00:00,27.05,74,1008,4.12,290,100
Chennai,2026-09-26T05:39:26.440426+00:00,34.06,55,1009,6.69,290,100
Vellore,2026-09-26T05:39:26.563191+00:00,32.33,45,1009,6.65,289,100
Coimbatore,2026-09-26T05:39:26.678301+00:00,29.78,62,1013,6.69,220,100
Madurai,2026-09-26T05:39:26.802873+00:00,33.99,46,1011,2.57,320,100
Tiruchirappalli,2026-09-26T05:39:26.933794+00:00,35.05,49,1010,6.17,280,100
Chennai,2026-09-26T10:20:54.754563+00:00,34.29,58,1006,5.14,90,93
Vellore,2026-09-26T10:20:54.843660+00:00,34.17,44,1006,3.83,295,100
Coimbatore,2026-09-26T10:20:54.931024+00:00,32.78,43,1010,9.26,230,100
Madurai,2026-09-26T10:20:55.014110+00:00,38.99,30,1006,2.06,330,67
Tiruchirappalli,2026-09-26T10:20:55.103319+00:00,38.05,37,1006,6.17,310,38
Chennai,2026-09-26T14:47:40.211738+00:00,30.78,76,1009,3.6,150,87
Vellore,2026-09-26T14:47:40.339346+00:00,30.39,55,1010,3.67,285,100
Coimbatore,2026-09-26T14:47:40.459692+00:00,26.78,74,1012,5.14,210,86
Madurai,2026-09-26T14:47:40.590683+00:00,32.99,46,1009,2.06,220,88
Tiruchirappalli,2026-09-26T14:47:40.712244+00:00,33.05,55,1009,3.6,280,93
Chennai,2026-09-26T18:06:31.117081+00:00,29.85,83,1009,2.06,160,81
Vellore,2026-09-26T18:06:31.202979+00:00,28.51,62,1010,2.31,254,96
Coimbatore,2026-09-26T18:06:31.294525+00:00,23.78,94,1013,5.66,220,87
Madurai,2026-09-26T18:06:31.391461+00:00,30.99,51,1011,3.09,300,88
Tiruchirappalli,2026-09-26T18:06:31.479085+00:00,30.05,62,1010,6.17,260,54
Chennai,2026-09-26T21:40:01.140940+00:00,29.23,86,1007,2.57,200,58
Vellore,2026-09-26T21:40:01.289537+00:00,26.14,69,1009,2.44,267,32
Coimbatore,2026-09-26T21:40:01.400897+00:00,22.78,94,1011,2.06,220,64
Madurai,2026-09-26T21:40:01.516780+00:00,28.99,58,1008,3.09,330,57
Tiruchirappalli,2026-09-26T21:40:01.638283+00:00,28.05,69,1008,5.14,290,54
Chennai,2026-09-26T23:58:49.173971+00:00,28.85,85,1008,1.03,0,40
Vellore,2026-09-26T23:58:49.235017+00:00,25.23,71,1010,2.84,275,22
Coimbatore,2026-09-26T23:58:49.282967+00:00,22.78,94,1011,1.54,0,70
Madurai,2026-09-26T23:58:49.342117+00:00,26.37,66,1009,3.06,320,55
Tiruchirappalli,2026-09-26T23:58:49.398788+00:00,28.05,69,1008,5.14,290,39
Chennai,2026-09-27T02:39:17.293259+00:00,30.3,79,1010,3.09,300,1
Vellore,2026-09-27T02:39:17.395448+00:00,29.29,61,1011,4.24,284,5
Coimbatore,2026-09-27T02:39:17.501644+00:00,24.78,83,1013,2.57,200,47
Madurai,2026-09-27T02:39:17.603188+00:00,30.99,55,1010,3.09,340,38
Tiruchirappalli,2026-09-27T02:39:17.714744+00:00,30.05,70,1010,5.14,290,13
Chennai,2026-09-27T08:37:15.339436+00:00,35.37,61,1006,4.12,110,18
Vellore,2026-09-27T08:37:15.454569+00:00,35.97,35,1006,2.93,7,26
Coimbatore,2026-09-27T08:37:15.610744+00:00,33.78,38,1009,3.09,200,22
Madurai,2026-09-27T08:37:15.730385+00:00,37.99,32,1007,2.06,40,2
Tiruchirappalli,2026-09-27T08:37:15.837915+00:00,38.05,44,1006,1.54,320,42
Chennai,2026-09-27T14:22:37.307307+00:00,31.12,72,1008,4.12,100,65
Vellore,2026-09-27T14:22:37.466890+00:00,30.58,64,1009,4.69,126,100
Coimbatore,2026-09-27T14:22:37.626710+00:00,27.78,69,1011,6.17,220,5
Madurai,2026-09-27T14:22:37.787331+00:00,32.99,55,1008,5.66,150,44
Tiruchirappalli,2026-09-27T14:22:37.948870+00:00,32.05,66,1007,3.09,120,0
Chennai,2026-09-27T18:42:34.148502+00:00,30.44,75,1009,1.03,0,46
Vellore,2026-09-27T18:42:34.242000+00:00,28.42,71,1010,1.98,122,30
Coimbatore,2026-09-27T18:42:34.338774+00:00,24.78,88,1011,4.63,220,0
Madurai,2026-09-27T18:42:34.433203+00:00,28.99,70,1009,1.54,90,8
Tiruchirappalli,2026-09-27T18:42:34.540856+00:00,30.05,79,1009,3.09,220,74
Chennai,2026-09-27T21:42:30.507961+00:00,30.14,79,1007,2.06,260,77
Vellore,2026-09-27T21:42:30.606227+00:00,27.28,76,1008,1.06,153,44
Coimbatore,2026-09-27T21:42:30.694351+00:00,23.78,94,1010,2.57,220,3
Madurai,2026-09-27T21:42:30.788592+00:00,28.99,65,1008,2.06,10,5
Tiruchirappalli,2026-09-27T21:42:30.888325+00:00,29.05,84,1008,0.0,0,87
Chennai,2026-09-28T00:03:46.450484+00:00,28.95,85,1008,3.6,250,63
Vellore,2026-09-28T00:03:46.536067+00:00,26.58,81,1009,0.92,198,45
Coimbatore,2026-09-28T00:03:46.622217+00:00,23.78,94,1011,2.57,220,3
Madurai,2026-09-28T00:03:46.713814+00:00,27.99,69,1008,1.54,30,19
Tiruchirappalli,2026-09-28T00:03:46.806711+00:00,28.05,89,1008,1.03,0,62
Chennai,2026-09-28T06:01:29.150983+00:00,34.61,60,1009,3.09,270,76
Vellore,2026-09-28T06:01:29.298192+00:00,33.79,46,1010,0.94,190,18
Coimbatore,2026-09-28T06:01:29.404092+00:00,31.78,51,1011,2.57,200,1
Madurai,2026-09-28T06:01:29.545660+00:00,34.99,49,1010,3.09,80,73
Tiruchirappalli,2026-09-28T06:01:29.688268+00:00,34.05,62,1010,2.57,290,29
Chennai,2026-09-28T12:53:56.825476+00:00,31.68,69,1008,3.09,160,100
Vellore,2026-09-28T12:53:56.914809+00:00,30.34,62,1009,3.66,48,100
Coimbatore,2026-09-28T12:53:57.007266+00:00,30.78,55,1010,6.17,220,8
Madurai,2026-09-28T12:53:57.103570+00:00,33.99,52,1008,5.14,100,100
Tiruchirappalli,2026-09-28T12:53:57.194435+00:00,33.05,58,1008,4.63,80,35
Chennai,2026-09-28T19:53:16.986018+00:00,30.24,74,1010,1.03,0,100
Vellore,2026-09-28T19:53:17.031911+00:00,27.82,78,1011,2.14,138,80
Coimbatore,2026-09-28T19:53:17.080196+00:00,24.78,88,1013,4.12,210,58
Madurai,2026-09-28T19:53:17.132420+00:00,27.99,74,1011,3.09,250,99
Tiruchirappalli,2026-09-28T19:53:17.186142+00:00,30.05,84,1010,0.51,0,100
Chennai,2026-09-29T00:00:05.173364+00:00,29.19,74,1010,2.06,250,53
Vellore,2026-09-29T00:00:05.291428+00:00,26.69,79,1011,1.4,146,74
Coimbatore,2026-09-29T00:00:05.414623+00:00,24.78,88,1012,2.06,200,87
Madurai,2026-09-29T00:00:05.524827+00:00,27.99,78,1010,2.06,320,100
Tiruchirappalli,2026-09-29T00:00:05.647339+00:00,28.05,78,1010,1.54,320,99
Chennai,2026-09-29T04:12:16.619309+00:00,33.45,66,1012,3.13,168,19
Vellore,2026-09-29T04:12:16.789909+00:00,31.07,63,1013,2.08,298,20
Coimbatore,2026-09-29T04:12:16.968027+00:00,28.78,65,1015,1.03,0,100
Madurai,2026-09-29T04:12:17.130516+00:00,31.99,62,1012,2.06,350,55
Tiruchirappalli,2026-09-29T04:12:17.301546+00:00,32.05,66,1012,5.14,270,100
Chennai,2026-09-29T10:57:22.555975+00:00,32.89,69,1008,5.14,120,70
Vellore,2026-09-29T10:57:22.615792+00:00,31.52,61,1008,0.83,351,95
Coimbatore,2026-09-29T10:57:22.685928+00:00,33.78,40,1009,6.17,200,100
Madurai,2026-09-29T10:57:22.762785+00:00,34.99,46,1008,3.09,110,100
Tiruchirappalli,2026-09-29T10:57:22.827967+00:00,38.05,44,1007,1.54,350,62
Chennai,2026-09-29T16:41:57.765731+00:00,30.89,81,1012,2.68,177,8
Vellore,2026-09-29T16:41:57.813551+00:00,27.69,83,1013,2.18,154,83
Coimbatore,2026-09-29T16:41:57.868888+00:00,26.78,74,1014,4.12,220,81
Madurai,2026-09-29T16:41:57.923956+00:00,29.99,66,1013,1.54,0,94
Tiruchirappalli,2026-09-29T16:41:57.985566+00:00,30.05,79,1012,2.57,130,100
Chennai,2026-09-29T21:07:10.864432+00:00,30.22,85,1011,3.6,210,42
Vellore,2026-09-29T21:07:10.955168+00:00,27.0,86,1011,0.97,155,62
Coimbatore,2026-09-29T21:07:11.049646+00:00,25.78,78,1013,3.6,230,73
Madurai,2026-09-29T21:07:11.146272+00:00,27.99,78,1011,1.54,360,100
Tiruchirappalli,2026-09-29T21:07:11.237934+00:00,29.05,79,1011,1.54,180,100
Chennai,2026-09-30T00:49:03.968052+00:00,29.15,85,1011,2.57,240,13
Vellore,2026-09-30T00:49:04.095086+00:00,26.73,86,1013,0.91,257,26
Coimbatore,2026-09-30T00:49:04.222667+00:00,24.78,83,1014,3.09,230,52
Madurai,2026-09-30T00:49:04.341230+00:00,27.99,78,1011,2.06,20,57
Tiruchirappalli,2026-09-30T00:49:04.464860+00:00,27.05,89,1012,0.0,0,16
Chennai,2026-09-30T06:04:23.175249+00:00,34.78,62,1012,3.09,260,26
Vellore,2026-09-30T06:04:23.297886+00:00,33.66,51,1012,0.88,75,16
Coimbatore,2026-09-30T06:04:23.413894+00:00,31.78,48,1015,2.57,220,48
Madurai,2026-09-30T06:04:23.533245+00:00,34.99,49,1013,1.54,0,54
Tiruchirappalli,2026-09-30T06:04:23.693329+00:00,34.05,59,1012,4.63,290,32
Chennai,2026-09-30T13:05:49.606644+00:00,30.8,79,1010,4.63,140,42
Vellore,2026-09-30T13:05:49.710467+00:00,29.87,66,1010,4.02,53,56
Coimbatore,2026-09-30T13:05:49.856581+00:00,29.78,62,1012,6.17,210,28
Madurai,2026-09-30T13:05:49.956864+00:00,32.01,58,1009,5.14,150,97
Tiruchirappalli,2026-09-30T13:05:50.057741+00:00,33.05,62,1008,3.09,100,100
Chennai,2026-09-30T18:39:52.757882+00:00,29.83,83,1012,2.06,200,100
Vellore,2026-09-30T18:39:52.880399+00:00,27.16,84,1012,1.68,112,100
Coimbatore,2026-09-30T18:39:53.031663+00:00,26.78,65,1014,2.57,360,100
Madurai,2026-09-30T18:39:53.137042+00:00,27.99,69,1012,1.54,250,97
Tiruchirappalli,2026-09-30T18:39:53.255047+00:00,30.05,70,1012,0.51,0,100
Chennai,2026-09-30T22:42:03.226546+00:00,27.72,80,1011,2.57,280,100
Vellore,2026-09-30T22:42:03.273816+00:00,26.19,86,1011,0.76,174,100
Coimbatore,2026-09-30T22:42:03.327914+00:00,24.78,88,1012,0.51,0,100
Madurai,2026-09-30T22:42:03.391360+00:00,27.99,69,1011,2.06,350,92
Tiruchirappalli,2026-09-30T22:42:03.441604+00:00,24.05,100,1011,4.12,260,100
Chennai,2026-10-01T01:39:07.841607+00:00,28.01,79,1013,2.06,280,75
Vellore,2026-10-01T01:39:07.931629+00:00,26.73,78,1014,0.68,171,91
Coimbatore,2026-10-01T01:39:08.013271+00:00,24.78,88,1014,1.03,0,100
Madurai,2026-10-01T01:39:08.103236+00:00,27.99,78,1012,2.57,350,0
Tiruchirappalli,2026-10-01T01:39:08.194607+00:00,25.05,100,1012,2.06,290,94
Chennai,2026-10-01T07:52:46.321411+00:00,33.2,65,1011,4.63,130,97
Vellore,2026-10-01T07:52:46.446976+00:00,33.01,46,1010,1.88,60,58
Coimbatore,2026-10-01T07:52:46.589919+00:00,33.78,46,1011,1.03,0,100
Madurai,2026-10-01T07:52:46.718391+00:00,35.99,46,1010,3.09,110,92
Tiruchirappalli,2026-10-01T07:52:46.848444+00:00,36.05,63,1010,2.57,270,100
Chennai,2026-10-01T14:51:36.651557+00:00,29.91,78,1013,3.6,100,89
Vellore,2026-10-01T14:51:36.777273+00:00,28.47,71,1014,2.95,127,100
Coimbatore,2026-10-01T14:51:36.901872+00:00,28.78,58,1014,2.57,200,100
Madurai,2026-10-01T14:51:37.024763+00:00,28.99,74,1013,4.12,220,98
Tiruchirappalli,2026-10-01T14:51:37.154553+00:00,31.05,70,1012,1.54,40,93
Chennai,2026-10-01T19:56:13.651471+00:00,29.18,81,1012,0.45,72,100
Vellore,2026-10-01T19:56:13.699772+00:00,26.57,82,1013,0.76,119,97
Coimbatore,2026-10-01T19:56:13.751499+00:00,24.78,83,1014,1.03,0,62
Madurai,2026-10-01T19:56:13.800897+00:00,26.99,83,1012,2.57,300,91
Tiruchirappalli,2026-10-01T19:56:13.865345+00:00,28.05,89,1012,1.54,50,92
Chennai,2026-10-01T23:30:51.435825+00:00,27.85,86,1013,1.03,0,100
Vellore,2026-10-01T23:30:51.530464+00:00,25.1,87,1014,0.42,63,98
Coimbatore,2026-10-01T23:30:51.621888+00:00,25.78,83,1014,2.57,30,85
Madurai,2026-10-01T23:30:51.710939+00:00,26.99,83,1012,1.54,0,91
Tiruchirappalli,2026-10-01T23:30:51.805306+00:00,27.05,89,1012,1.54,70,95
Chennai,2026-10-02T02:38:26.547577+00:00,30.21,80,1015,2.06,320,91
Vellore,2026-10-02T02:38:26.655751+00:00,28.19,72,1016,1.88,71,83
Coimbatore,2026-10-02T02:38:26.794886+00:00,26.78,78,1016,4.12,50,47
Madurai,2026-10-02T02:38:26.895589+00:00,28.99,74,1015,1.54,10,50
Tiruchirappalli,2026-10-02T02:38:27.010391+00:00,28.05,94,1015,2.06,50,35
Chennai,2026-10-02T09:03:52.130945+00:00,32.68,62,1012,4.12,120,84
Vellore,2026-10-02T09:03:52.235511+00:00,33.3,47,1011,3.22,64,100
Coimbatore,2026-10-02T09:03:52.380075+00:00,32.78,43,1013,2.06,80,47
Madurai,2026-10-02T09:03:52.513751+00:00,33.99,49,1011,4.12,70,77
Tiruchirappalli,2026-10-02T09:03:52.619829+00:00,35.05,55,1011,3.09,80,50
Chennai,2026-10-02T16:00:20.253609+00:00,29.76,77,1015,4.12,90,34
Vellore,2026-10-02T16:00:20.343067+00:00,27.81,76,1016,2.42,130,45
Coimbatore,2026-10-02T16:00:20.432401+00:00,29.78,51,1016,1.03,0,77
Madurai,2026-10-02T16:00:20.525967+00:00,29.99,66,1015,1.54,150,47
Tiruchirappalli,2026-10-02T16:00:20.623169+00:00,30.05,74,1015,3.09,100,34
Chennai,2026-10-02T20:21:31.334270+00:00,29.16,79,1013,1.54,0,70
Vellore,2026-10-02T20:21:31.492446+00:00,26.38,87,1014,0.67,128,17
Coimbatore,2026-10-02T20:21:31.657169+00:00,26.78,74,1016,2.06,100,19
Madurai,2026-10-02T20:21:31.818189+00:00,27.99,78,1014,2.06,80,10
Tiruchirappalli,2026-10-02T20:21:31.976133+00:00,27.05,89,1013,1.03,0,5
Chennai,2026-10-03T00:03:33.355879+00:00,27.86,85,1014,2.57,270,48
Vellore,2026-10-03T00:03:33.411712+00:00,24.93,92,1015,0.36,210,45
Coimbatore,2026-10-03T00:03:33.460717+00:00,25.78,78,1015,2.57,60,38
Madurai,2026-10-03T00:03:33.518757+00:00,26.99,83,1014,1.54,60,17
Tiruchirappalli,2026-10-03T00:03:33.566976+00:00,26.05,94,1014,1.03,0,14
Chennai,2026-10-03T05:52:15.455854+00:00,32.35,64,1015,4.12,160,57
Vellore,2026-10-03T05:52:15.506314+00:00,31.75,52,1015,2.89,121,13
Coimbatore,2026-10-03T05:52:15.554262+00:00,30.78,51,1016,3.09,90,21
Madurai,2026-10-03T05:52:15.601702+00:00,30.99,62,1015,2.06,90,74
Tiruchirappalli,2026-10-03T05:52:15.674527+00:00,34.05,62,1015,2.06,80,39
Chennai,2026-10-03T10:42:52.389275+00:00,32.14,66,1012,5.14,130,4
Vellore,2026-10-03T10:42:52.549822+00:00,32.53,44,1011,3.54,83,49
Coimbatore,2026-10-03T10:42:52.722567+00:00,33.78,38,1012,3.6,110,81
Madurai,2026-10-03T10:42:52.895602+00:00,31.99,58,1011,3.6,110,100
Tiruchirappalli,2026-10-03T10:42:53.058274+00:00,37.05,47,1011,2.06,90,95
Chennai,2026-10-03T14:58:59.780684+00:00,29.92,75,1014,3.09,130,0
Vellore,2026-10-03T14:58:59.891594+00:00,28.76,69,1015,3.99,138,68
Coimbatore,2026-10-03T14:59:00.002847+00:00,27.78,78,1015,1.54,0,60
Madurai,2026-10-03T14:59:00.115028+00:00,29.99,66,1014,2.06,140,51
Tiruchirappalli,2026-10-03T14:59:00.242272+00:00,31.05,70,1013,5.14,70,100
Chennai,2026-10-03T18:28:48.914963+00:00,29.49,77,1014,3.09,140,3
Vellore,2026-10-03T18:28:48.961648+00:00,27.45,78,1015,1.68,111,23
Coimbatore,2026-10-03T18:28:49.008899+00:00,25.78,89,1015,3.09,200,38
Madurai,2026-10-03T18:28:49.055005+00:00,27.99,78,1015,2.57,110,58
Tiruchirappalli,2026-10-03T18:28:49.112961+00:00,29.05,84,1015,1.54,110,68
Chennai,2026-10-03T21:51:52.980539+00:00,28.86,81,1012,1.03,0,35
Vellore,2026-10-03T21:51:53.069296+00:00,26.07,83,1013,0.94,124,53
Coimbatore,2026-10-03T21:51:53.160038+00:00,25.78,89,1013,1.03,0,35
Madurai,2026-10-03T21:51:53.251758+00:00,27.99,78,1013,1.54,0,38
Tiruchirappalli,2026-10-03T21:51:53.348294+00:00,28.05,83,1012,0.51,0,70
Chennai,2026-10-04T00:10:45.566114+00:00,27.9,84,1013,2.06,280,35
Vellore,2026-10-04T00:10:45.613891+00:00,25.5,86,1014,0.76,164,66
Coimbatore,2026-10-04T00:10:45.659386+00:00,25.78,89,1015,1.03,0,40
Madurai,2026-10-04T00:10:45.706815+00:00,25.99,83,1013,1.54,320,49
Tiruchirappalli,2026-10-04T00:10:45.757757+00:00,28.05,83,1012,0.51,0,60
Chennai,2026-10-04T06:29:07.527364+00:00,33.63,66,1014,3.6,110,5
Vellore,2026-10-04T06:29:07.655830+00:00,32.51,55,1014,2.15,126,3
Coimbatore,2026-10-04T06:29:07.780215+00:00,31.78,51,1016,3.09,110,89
Madurai,2026-10-04T06:29:07.905324+00:00,32.99,58,1014,2.57,280,57
Tiruchirappalli,2026-10-04T06:29:08.032403+00:00,35.05,66,1013,1.03,0,52
